date,market,customer_code,product_code,channel,gross_sales_amount,return_sales_amount,signed_sales_amount
2020-02-01,Indonesia,90003180,A2918150106,Retailer,1191.65,0.0,1191.65
2020-02-01,Indonesia,90003180,A2918150104,Retailer,1125.68,0.0,1125.68
2020-02-01,Indonesia,90003180,A2918150101,Retailer,451.03,0.0,451.03
2020-02-01,Indonesia,90003180,A2918150102,Retailer,553.4,0.0,553.4
2020-02-01,Indonesia,90003180,A3220150405,Retailer,368.74,0.0,368.74
2020-02-01,Indonesia,90003180,A3220150406,Retailer,504.98,0.0,504.98
2020-02-01,Indonesia,90003180,A3220150404,Retailer,938.77,0.0,938.77
2020-02-01,Indonesia,90003180,A3220150402,Retailer,0.0,2158.99,-2158.99
2020-02-01,Indonesia,90003180,A3220150401,Retailer,1475.03,0.0,1475.03
2020-02-01,Indonesia,90003180,A3320150504,Retailer,1905.99,0.0,1905.99
2020-02-01,Indonesia,90003180,A3320150502,Retailer,0.0,2580.55,-2580.55
2020-02-01,Indonesia,90003180,A3320150501,Retailer,0.0,399.26,-399.26
2020-02-01,Indonesia,90003180,A2419150404,Retailer,1856.62,0.0,1856.62
2020-02-01,Indonesia,90003180,A2419150405,Retailer,0.0,2071.18,-2071.18
2020-02-01,Indonesia,90003180,A2419150401,Retailer,336.28,0.0,336.28
2020-02-01,Indonesia,90003180,A2420150406,Retailer,1661.61,0.0,1661.61
2020-02-01,Indonesia,90003180,A2419150402,Retailer,207.17,0.0,207.17
2020-02-01,Indonesia,90003180,A2319150301,Retailer,0.0,224.19,-224.19
2020-02-01,Indonesia,90003180,A2319150304,Retailer,525.53,0.0,525.53
2020-02-01,Indonesia,90003180,A2319150305,Retailer,838.74,0.0,838.74
2020-02-01,Indonesia,90003180,A2319150306,Retailer,1473.7,0.0,1473.7
2020-02-01,Indonesia,90003180,A2319150302,Retailer,593.72,0.0,593.72
2020-02-01,Indonesia,90003180,A2118150105,Retailer,640.42,0.0,640.42
2020-02-01,Indonesia,90003180,A2118150104,Retailer,85.38,0.0,85.38
2020-02-01,Indonesia,90003180,A2118150101,Retailer,0.0,340.77,-340.77
2020-02-01,Indonesia,90003180,A2118150102,Retailer,64.75,0.0,64.75
2020-02-01,Indonesia,90003180,A2118150106,Retailer,907.78,0.0,907.78
2020-02-01,Indonesia,90003180,A2218150201,Retailer,207.8,0.0,207.8
2020-02-01,Indonesia,90003180,A3019150205,Retailer,269.22,0.0,269.22
2020-02-01,Indonesia,90003180,A3018150201,Retailer,571.8,0.0,571.8
2020-02-01,Indonesia,90003180,A3019150204,Retailer,1111.01,0.0,1111.01
2020-02-01,Indonesia,90003180,A3019150206,Retailer,1672.77,0.0,1672.77
2020-02-01,Indonesia,90003180,A3018150202,Retailer,1278.48,0.0,1278.48
2020-02-01,Indonesia,90003180,A3120150305,Retailer,433.07,0.0,433.07
2020-02-01,Indonesia,90003180,A3120150306,Retailer,2245.73,0.0,2245.73
2020-02-01,Indonesia,90003180,A3119150302,Retailer,1286.8,0.0,1286.8
2020-02-01,Indonesia,90003180,A3119150301,Retailer,1321.27,0.0,1321.27
2020-02-01,Indonesia,90003180,A3120150304,Retailer,464.44,0.0,464.44
2020-02-01,Indonesia,90003180,A2918150105,Retailer,176.38,0.0,176.38
2020-02-01,Indonesia,90003180,A2218150202,Retailer,873.16,0.0,873.16
2020-02-01,Indonesia,90003180,A2219150204,Retailer,1103.71,0.0,1103.71
2020-02-01,Indonesia,90003180,A2219150205,Retailer,0.0,725.13,-725.13
2020-02-01,Indonesia,90003180,A2219150206,Retailer,769.78,0.0,769.78
2020-02-01,Indonesia,90003180,A0519150208,Retailer,771.17,0.0,771.17
2020-02-01,Indonesia,90003180,A0519150207,Retailer,109.45,0.0,109.45
2020-02-01,Indonesia,90003180,A0519150202,Retailer,165.79,0.0,165.79
2020-02-01,Indonesia,90003180,A0519150201,Retailer,439.19,0.0,439.19
2020-02-01,Indonesia,90003180,A0519150203,Retailer,574.59,0.0,574.59
2020-02-01,Indonesia,90003180,A0519150205,Retailer,577.93,0.0,577.93
2020-02-01,Indonesia,90003180,A0418150105,Retailer,0.0,63.36,-63.36
2020-02-01,Indonesia,90003180,A0418150103,Retailer,246.17,0.0,246.17
2020-02-01,Indonesia,90003180,A0418150101,Retailer,399.57,0.0,399.57
2020-02-01,Indonesia,90003180,A0418150102,Retailer,70.41,0.0,70.41
2020-02-01,Indonesia,90003180,A0418150107,Retailer,555.8,0.0,555.8
2020-02-01,Indonesia,90003180,A0418150108,Retailer,270.34,0.0,270.34
2020-02-01,Indonesia,90003180,A0619150301,Retailer,448.8,0.0,448.8
2020-02-01,Indonesia,90003180,A0619150302,Retailer,912.31,0.0,912.31
2020-02-01,Indonesia,90003180,A0621150308,Retailer,578.26,0.0,578.26
2020-02-01,Indonesia,90003180,A0620150305,Retailer,942.74,0.0,942.74
2020-02-01,Indonesia,90003180,A0621150307,Retailer,913.41,0.0,913.41
2020-02-01,Indonesia,90003180,A0620150303,Retailer,195.55,0.0,195.55
2020-02-01,Indonesia,90003180,A0721150401,Retailer,1004.64,0.0,1004.64
2020-02-01,Indonesia,90003180,A0118150104,Retailer,90.85,0.0,90.85
2020-02-01,Indonesia,90003180,A3819150203,Retailer,18.86,0.0,18.86
2020-02-01,Indonesia,90003180,A1618150103,Retailer,63.65,0.0,63.65
2020-02-01,Indonesia,90003180,A1819150303,Retailer,194.68,0.0,194.68
2020-02-01,Indonesia,90003180,A1718150203,Retailer,223.24,0.0,223.24
2020-02-01,Indonesia,90003180,A0219150202,Retailer,737.99,0.0,737.99
2020-02-01,Indonesia,90003180,A0118150102,Retailer,626.39,0.0,626.39
2020-02-01,Indonesia,90003180,A1320150402,Retailer,4357.09,0.0,4357.09
2020-02-01,Indonesia,90003180,A1018150102,Retailer,3150.44,0.0,3150.44
2020-02-01,Indonesia,90003180,A1219150302,Retailer,1105.94,0.0,1105.94
2020-02-01,Indonesia,90003180,A1118150202,Retailer,0.0,1483.26,-1483.26
2020-02-01,Indonesia,90003180,A3920150305,Retailer,12.88,0.0,12.88
2020-02-01,Indonesia,90003180,A3819150205,Retailer,10.03,0.0,10.03
2020-02-01,Indonesia,90003180,A3718150105,Retailer,9.39,0.0,9.39
2020-02-01,Indonesia,90003180,A0220150203,Retailer,455.61,0.0,455.61
2020-02-01,Indonesia,90003180,A0118150103,Retailer,627.55,0.0,627.55
2020-02-01,Indonesia,90003180,A1819150304,Retailer,241.3,0.0,241.3
2020-02-01,Indonesia,90003180,A1618150104,Retailer,187.17,0.0,187.17
2020-02-01,Indonesia,90003180,A1718150204,Retailer,135.02,0.0,135.02
2020-02-01,Indonesia,90003180,A1018150103,Retailer,3022.79,0.0,3022.79
2020-02-01,Indonesia,90003180,A1320150403,Retailer,0.0,2799.3,-2799.3
2020-02-01,Indonesia,90003180,A1219150303,Retailer,3067.4,0.0,3067.4
2020-02-01,Indonesia,90003180,A1119150203,Retailer,1516.35,0.0,1516.35
2020-02-01,Indonesia,90003180,A1718150201,Retailer,62.2,0.0,62.2
2020-02-01,Indonesia,90003180,A1819150301,Retailer,176.16,0.0,176.16
2020-02-01,Indonesia,90003180,A1618150101,Retailer,38.42,0.0,38.42
2020-02-01,Indonesia,90003180,A4020150401,Retailer,25.93,0.0,25.93
2020-02-01,Indonesia,90003180,A3718150101,Retailer,0.0,7.63,-7.63
2020-02-01,Indonesia,90003180,A3818150201,Retailer,16.2,0.0,16.2
2020-02-01,Indonesia,90003180,A3920150301,Retailer,11.14,0.0,11.14
2020-02-01,Indonesia,90003180,A0219150201,Retailer,193.16,0.0,193.16
2020-02-01,Indonesia,90003180,A0118150101,Retailer,331.41,0.0,331.41
2020-02-01,Indonesia,90003180,A0320150301,Retailer,644.36,0.0,644.36
2020-02-01,Indonesia,90003180,A1319150401,Retailer,1836.98,0.0,1836.98
2020-02-01,Indonesia,90003180,A1420150501,Retailer,3259.46,0.0,3259.46
2020-02-01,Indonesia,90003180,A1018150101,Retailer,379.84,0.0,379.84
2020-02-01,Indonesia,90003180,A1219150301,Retailer,0.0,3178.13,-3178.13
2020-02-01,Indonesia,90003180,A1118150201,Retailer,2231.48,0.0,2231.48
2020-02-01,Indonesia,90003180,A4519110502,Retailer,1494.79,0.0,1494.79
2020-02-01,Indonesia,90003180,A4319110306,Retailer,1008.42,0.0,1008.42
2020-02-01,Indonesia,90003180,A4118110101,Retailer,513.57,0.0,513.57
2020-02-01,Indonesia,90003180,A4118110102,Retailer,770.93,0.0,770.93
2020-02-01,Indonesia,90003180,A4118110107,Retailer,968.81,0.0,968.81
2020-02-01,Indonesia,90003180,A4419110404,Retailer,974.84,0.0,974.84
2020-02-01,Indonesia,90003180,A4419110406,Retailer,1287.41,0.0,1287.41
2020-02-01,Indonesia,90003180,A4419110408,Retailer,1299.28,0.0,1299.28
2020-02-01,Indonesia,90003180,A4419110402,Retailer,0.0,1032.91,-1032.91
2020-02-01,Indonesia,90003180,A4218110205,Retailer,1213.56,0.0,1213.56
2020-02-01,Indonesia,90003180,A4218110207,Retailer,0.0,1073.41,-1073.41
2020-02-01,Indonesia,90003180,A4218110201,Retailer,720.74,0.0,720.74
2020-02-01,Indonesia,90003180,A4218110208,Retailer,0.0,826.18,-826.18
2020-02-01,Indonesia,90003180,A4318110301,Retailer,728.37,0.0,728.37
2020-02-01,Indonesia,90003180,A4319110302,Retailer,686.12,0.0,686.12
2020-02-01,Indonesia,90003180,A4419110401,Retailer,716.95,0.0,716.95
2020-02-01,Indonesia,90003180,A4118110104,Retailer,524.64,0.0,524.64
2020-02-01,Indonesia,90003180,A4118110105,Retailer,570.62,0.0,570.62
2020-02-01,Indonesia,90003180,A4218110202,Retailer,637.75,0.0,637.75
2020-02-01,Indonesia,90003180,A4319110305,Retailer,672.51,0.0,672.51
2020-02-01,Indonesia,90003180,A4519110501,Retailer,0.0,783.14,-783.14
2020-02-01,Indonesia,90003180,A4218110204,Retailer,538.77,0.0,538.77
2020-02-01,Indonesia,90003180,A4319110304,Retailer,0.0,485.36,-485.36
2020-02-01,Indonesia,90003180,A4520110504,Retailer,0.0,609.66,-609.66
2020-02-01,Indonesia,90003180,A4419110407,Retailer,0.0,422.46,-422.46
2020-02-01,Indonesia,90003180,A4218110206,Retailer,0.0,221.37,-221.37
2020-02-01,Indonesia,90003180,A4419110405,Retailer,309.02,0.0,309.02
2020-02-01,Indonesia,90003180,A4118110106,Retailer,171.31,0.0,171.31
2020-02-01,Indonesia,90003180,A5318110101,Retailer,0.0,560.89,-560.89
2020-02-01,Indonesia,90003180,A5318110105,Retailer,537.77,0.0,537.77
2020-02-01,Indonesia,90003180,A5519110302,Retailer,581.12,0.0,581.12
2020-02-01,Indonesia,90003180,A5519110303,Retailer,508.46,0.0,508.46
2020-02-01,Indonesia,90003180,A5519110304,Retailer,629.71,0.0,629.71
2020-02-01,Indonesia,90003180,A5620110401,Retailer,624.26,0.0,624.26
2020-02-01,Indonesia,90003180,A5620110402,Retailer,665.65,0.0,665.65
2020-02-01,Indonesia,90003180,A5621110407,Retailer,663.24,0.0,663.24
2020-02-01,Indonesia,90003180,A5419110204,Retailer,572.48,0.0,572.48
2020-02-01,Indonesia,90003180,A5419110205,Retailer,564.86,0.0,564.86
2020-02-01,Indonesia,90003180,A6720160103,Retailer,956.93,0.0,956.93
2020-02-01,Indonesia,90003180,A6818160201,Retailer,206.37,0.0,206.37
2020-02-01,Indonesia,90003180,A7119160103,Retailer,2880.08,0.0,2880.08
2020-02-01,Indonesia,90003180,A7119160102,Retailer,922.87,0.0,922.87
2020-02-01,Indonesia,90003180,A7118160101,Retailer,2419.21,0.0,2419.21
2020-02-01,Indonesia,90003180,A7220160202,Retailer,1802.13,0.0,1802.13
2020-02-01,Indonesia,90003180,A7220160203,Retailer,2377.45,0.0,2377.45
2020-02-01,Indonesia,90003180,A7219160201,Retailer,2083.86,0.0,2083.86
2020-02-01,Indonesia,90003180,A6419160301,Retailer,0.0,3637.5,-3637.5
2020-02-01,Indonesia,90003180,A6419160302,Retailer,0.0,2548.65,-2548.65
2020-02-01,Indonesia,90003180,A6419160303,Retailer,1792.06,0.0,1792.06
2020-02-01,Indonesia,90003180,A6519160401,Retailer,872.05,0.0,872.05
2020-02-01,Indonesia,90003180,A6218160102,Retailer,865.28,0.0,865.28
2020-02-01,Indonesia,90003180,A6218160101,Retailer,317.89,0.0,317.89
2020-02-01,Indonesia,90003180,A6219160103,Retailer,1342.51,0.0,1342.51
2020-02-01,Indonesia,90003180,A6319160203,Retailer,1990.9,0.0,1990.9
2020-02-01,Indonesia,90003180,A6319160201,Retailer,2540.51,0.0,2540.51
2020-02-01,Indonesia,90003180,A6319160202,Retailer,1747.21,0.0,1747.21
2020-02-01,Indonesia,90003180,A6018110102,Retailer,0.0,396.26,-396.26
2020-02-01,Indonesia,90003180,A6019110107,Retailer,374.21,0.0,374.21
2020-02-01,Indonesia,90003180,A5520110305,Retailer,313.62,0.0,313.62
2020-02-01,Indonesia,90003180,A5520110307,Retailer,300.05,0.0,300.05
2020-02-01,Indonesia,90003180,A5520110308,Retailer,282.6,0.0,282.6
2020-02-01,Indonesia,90003180,A5318110104,Retailer,272.0,0.0,272.0
2020-02-01,Indonesia,90003180,A5318110108,Retailer,292.97,0.0,292.97
2020-02-01,Indonesia,90003180,A5318110103,Retailer,252.91,0.0,252.91
2020-02-01,Indonesia,90003180,A5318110107,Retailer,282.53,0.0,282.53
2020-02-01,Indonesia,90003180,A5318110102,Retailer,268.61,0.0,268.61
2020-02-01,Indonesia,90003180,A5621110408,Retailer,292.89,0.0,292.89
2020-02-01,Indonesia,90003180,A5621110403,Retailer,0.0,322.4,-322.4
2020-02-01,Indonesia,90003180,A5621110405,Retailer,281.56,0.0,281.56
2020-02-01,Indonesia,90003180,A5621110404,Retailer,0.0,264.76,-264.76
2020-02-01,Indonesia,90003180,A5721110501,Retailer,316.37,0.0,316.37
2020-02-01,Indonesia,90003180,A5419110203,Retailer,265.38,0.0,265.38
2020-02-01,Indonesia,90003180,A5419110202,Retailer,297.17,0.0,297.17
2020-02-01,Indonesia,90003180,A5419110208,Retailer,298.68,0.0,298.68
2020-02-01,Indonesia,90003180,A5419110201,Retailer,263.21,0.0,263.21
2020-02-01,Indonesia,90003180,A5419110207,Retailer,0.0,301.38,-301.38
2020-02-01,Indonesia,70003181,A6720160103,Direct,1724.0,0.0,1724.0
2020-02-01,Indonesia,70003181,A6818160201,Direct,318.04,0.0,318.04
2020-02-01,Indonesia,70003181,A7119160103,Direct,5506.7,0.0,5506.7
2020-02-01,Indonesia,70003181,A7119160102,Direct,0.0,5598.36,-5598.36
2020-02-01,Indonesia,70003181,A7118160101,Direct,3711.38,0.0,3711.38
2020-02-01,Indonesia,70003181,A7220160203,Direct,2012.8,0.0,2012.8
2020-02-01,Indonesia,70003181,A7220160202,Direct,0.0,7581.78,-7581.78
2020-02-01,Indonesia,70003181,A7219160201,Direct,0.0,2248.15,-2248.15
2020-02-01,Indonesia,70003181,A6419160302,Direct,2776.05,0.0,2776.05
2020-02-01,Indonesia,70003181,A6419160303,Direct,3650.45,0.0,3650.45
2020-02-01,Indonesia,70003181,A6419160301,Direct,2196.64,0.0,2196.64
2020-02-01,Indonesia,70003181,A6519160401,Direct,0.0,1073.0,-1073.0
2020-02-01,Indonesia,70003181,A6218160102,Direct,1498.87,0.0,1498.87
2020-02-01,Indonesia,70003181,A6218160101,Direct,738.9,0.0,738.9
2020-02-01,Indonesia,70003181,A6219160103,Direct,1878.86,0.0,1878.86
2020-02-01,Indonesia,70003181,A6319160202,Direct,3558.86,0.0,3558.86
2020-02-01,Indonesia,70003181,A6319160201,Direct,3625.79,0.0,3625.79
2020-02-01,Indonesia,70003181,A6319160203,Direct,4058.72,0.0,4058.72
2020-02-01,Indonesia,70003181,A5620110402,Direct,832.81,0.0,832.81
2020-02-01,Indonesia,70003181,A5621110407,Direct,774.0,0.0,774.0
2020-02-01,Indonesia,70003181,A5519110303,Direct,0.0,619.28,-619.28
2020-02-01,Indonesia,70003181,A5520110307,Direct,0.0,706.12,-706.12
2020-02-01,Indonesia,70003181,A5520110308,Direct,719.82,0.0,719.82
2020-02-01,Indonesia,70003181,A5318110105,Direct,0.0,681.43,-681.43
2020-02-01,Indonesia,70003181,A5419110208,Direct,724.48,0.0,724.48
2020-02-01,Indonesia,70003181,A4419110402,Direct,686.92,0.0,686.92
2020-02-01,Indonesia,70003181,A4419110407,Direct,645.17,0.0,645.17
2020-02-01,Indonesia,70003181,A4318110301,Direct,781.56,0.0,781.56
2020-02-01,Indonesia,70003181,A4319110302,Direct,710.35,0.0,710.35
2020-02-01,Indonesia,70003181,A4519110501,Direct,982.54,0.0,982.54
2020-02-01,Indonesia,70003181,A4218110201,Direct,662.51,0.0,662.51
2020-02-01,Indonesia,70003181,A4419110401,Direct,1061.45,0.0,1061.45
2020-02-01,Indonesia,70003181,A4419110408,Direct,1337.17,0.0,1337.17
2020-02-01,Indonesia,70003181,A4519110502,Direct,1381.73,0.0,1381.73
2020-02-01,Indonesia,70003181,A4118110104,Direct,856.97,0.0,856.97
2020-02-01,Indonesia,70003181,A4218110205,Direct,1229.11,0.0,1229.11
2020-02-01,Indonesia,70003181,A4319110306,Direct,1245.46,0.0,1245.46
2020-02-01,Indonesia,70003181,A4419110405,Direct,0.0,1573.1,-1573.1
2020-02-01,Indonesia,70003181,A4419110406,Direct,0.0,1531.6,-1531.6
2020-02-01,Indonesia,70003181,A4118110102,Direct,1031.48,0.0,1031.48
2020-02-01,Indonesia,70003181,A4118110105,Direct,1103.88,0.0,1103.88
2020-02-01,Indonesia,70003181,A4218110204,Direct,1289.21,0.0,1289.21
2020-02-01,Indonesia,70003181,A4319110305,Direct,1472.37,0.0,1472.37
2020-02-01,Indonesia,70003181,A4218110202,Direct,1354.36,0.0,1354.36
2020-02-01,Indonesia,70003181,A4419110404,Direct,1727.31,0.0,1727.31
2020-02-01,Indonesia,70003181,A4218110206,Direct,0.0,433.14,-433.14
2020-02-01,Indonesia,70003181,A4218110208,Direct,414.73,0.0,414.73
2020-02-01,Indonesia,70003181,A4118110107,Direct,341.61,0.0,341.61
2020-02-01,Indonesia,70003181,A4118110106,Direct,328.03,0.0,328.03
2020-02-01,Indonesia,70003181,A4319110304,Direct,437.28,0.0,437.28
2020-02-01,Indonesia,70003181,A4520110504,Direct,629.5,0.0,629.5
2020-02-01,Indonesia,70003181,A4118110101,Direct,200.33,0.0,200.33
2020-02-01,Indonesia,70003181,A4218110207,Direct,291.97,0.0,291.97
2020-02-01,Indonesia,70003181,A5318110107,Direct,344.05,0.0,344.05
2020-02-01,Indonesia,70003181,A5318110104,Direct,336.81,0.0,336.81
2020-02-01,Indonesia,70003181,A5318110102,Direct,346.39,0.0,346.39
2020-02-01,Indonesia,70003181,A5318110101,Direct,368.09,0.0,368.09
2020-02-01,Indonesia,70003181,A5318110108,Direct,359.98,0.0,359.98
2020-02-01,Indonesia,70003181,A5318110103,Direct,344.36,0.0,344.36
2020-02-01,Indonesia,70003181,A5621110405,Direct,0.0,363.55,-363.55
2020-02-01,Indonesia,70003181,A5621110403,Direct,393.02,0.0,393.02
2020-02-01,Indonesia,70003181,A5620110401,Direct,406.01,0.0,406.01
2020-02-01,Indonesia,70003181,A5621110408,Direct,376.82,0.0,376.82
2020-02-01,Indonesia,70003181,A5721110501,Direct,354.13,0.0,354.13
2020-02-01,Indonesia,70003181,A5519110302,Direct,353.4,0.0,353.4
2020-02-01,Indonesia,70003181,A5519110304,Direct,400.73,0.0,400.73
2020-02-01,Indonesia,70003181,A5520110305,Direct,0.0,339.8,-339.8
2020-02-01,Indonesia,70003181,A5519110301,Direct,361.04,0.0,361.04
2020-02-01,Indonesia,70003181,A5419110201,Direct,372.66,0.0,372.66
2020-02-01,Indonesia,70003181,A5419110204,Direct,361.69,0.0,361.69
2020-02-01,Indonesia,70003181,A5419110207,Direct,355.08,0.0,355.08
2020-02-01,Indonesia,70003181,A5419110203,Direct,0.0,355.89,-355.89
2020-02-01,Indonesia,70003181,A5419110202,Direct,318.8,0.0,318.8
2020-02-01,Indonesia,70003181,A6018110102,Direct,486.44,0.0,486.44
2020-02-01,Indonesia,70003181,A6018110103,Direct,457.56,0.0,457.56
2020-02-01,Indonesia,70003181,A0118150104,Direct,970.53,0.0,970.53
2020-02-01,Indonesia,70003181,A3819150203,Direct,11.53,0.0,11.53
2020-02-01,Indonesia,70003181,A3920150303,Direct,14.9,0.0,14.9
2020-02-01,Indonesia,70003181,A3718150103,Direct,20.38,0.0,20.38
2020-02-01,Indonesia,70003181,A1618150103,Direct,215.73,0.0,215.73
2020-02-01,Indonesia,70003181,A1819150303,Direct,258.35,0.0,258.35
2020-02-01,Indonesia,70003181,A1718150203,Direct,87.31,0.0,87.31
2020-02-01,Indonesia,70003181,A0219150202,Direct,0.0,285.08,-285.08
2020-02-01,Indonesia,70003181,A0118150102,Direct,172.2,0.0,172.2
2020-02-01,Indonesia,70003181,A1320150402,Direct,0.0,1992.48,-1992.48
2020-02-01,Indonesia,70003181,A1018150102,Direct,1298.71,0.0,1298.71
2020-02-01,Indonesia,70003181,A1219150302,Direct,0.0,2397.94,-2397.94
2020-02-01,Indonesia,70003181,A1118150202,Direct,2775.54,0.0,2775.54
2020-02-01,Indonesia,70003181,A3920150305,Direct,0.0,31.29,-31.29
2020-02-01,Indonesia,70003181,A3718150105,Direct,22.04,0.0,22.04
2020-02-01,Indonesia,70003181,A0220150203,Direct,797.55,0.0,797.55
2020-02-01,Indonesia,70003181,A0118150103,Direct,555.51,0.0,555.51
2020-02-01,Indonesia,70003181,A1718150204,Direct,261.16,0.0,261.16
2020-02-01,Indonesia,70003181,A1819150304,Direct,107.42,0.0,107.42
2020-02-01,Indonesia,70003181,A1618150104,Direct,0.0,166.28,-166.28
2020-02-01,Indonesia,70003181,A1320150403,Direct,3141.19,0.0,3141.19
2020-02-01,Indonesia,70003181,A1018150103,Direct,3744.22,0.0,3744.22
2020-02-01,Indonesia,70003181,A1219150303,Direct,495.85,0.0,495.85
2020-02-01,Indonesia,70003181,A1119150203,Direct,2856.65,0.0,2856.65
2020-02-01,Indonesia,70003181,A1718150201,Direct,79.29,0.0,79.29
2020-02-01,Indonesia,70003181,A1819150301,Direct,183.42,0.0,183.42
2020-02-01,Indonesia,70003181,A1618150101,Direct,152.07,0.0,152.07
2020-02-01,Indonesia,70003181,A0320150301,Direct,901.46,0.0,901.46
2020-02-01,Indonesia,70003181,A0118150101,Direct,757.44,0.0,757.44
2020-02-01,Indonesia,70003181,A0219150201,Direct,464.89,0.0,464.89
2020-02-01,Indonesia,70003181,A4020150401,Direct,0.0,15.85,-15.85
2020-02-01,Indonesia,70003181,A3920150301,Direct,13.51,0.0,13.51
2020-02-01,Indonesia,70003181,A3718150101,Direct,21.27,0.0,21.27
2020-02-01,Indonesia,70003181,A3818150201,Direct,10.56,0.0,10.56
2020-02-01,Indonesia,70003181,A1319150401,Direct,1933.2,0.0,1933.2
2020-02-01,Indonesia,70003181,A1420150501,Direct,0.0,2593.74,-2593.74
2020-02-01,Indonesia,70003181,A1018150101,Direct,1925.51,0.0,1925.51
2020-02-01,Indonesia,70003181,A1118150201,Direct,0.0,1638.24,-1638.24
2020-02-01,Indonesia,70003181,A1219150301,Direct,3577.41,0.0,3577.41
2020-02-01,Indonesia,70003181,A0721150401,Direct,848.3,0.0,848.3
2020-02-01,Indonesia,70003181,A0621150307,Direct,708.02,0.0,708.02
2020-02-01,Indonesia,70003181,A0620150305,Direct,777.81,0.0,777.81
2020-02-01,Indonesia,70003181,A0619150302,Direct,1091.69,0.0,1091.69
2020-02-01,Indonesia,70003181,A0620150303,Direct,788.61,0.0,788.61
2020-02-01,Indonesia,70003181,A0619150301,Direct,242.92,0.0,242.92
2020-02-01,Indonesia,70003181,A0621150308,Direct,0.0,1474.51,-1474.51
2020-02-01,Indonesia,70003181,A0418150103,Direct,0.0,130.02,-130.02
2020-02-01,Indonesia,70003181,A0418150102,Direct,117.38,0.0,117.38
2020-02-01,Indonesia,70003181,A0418150101,Direct,610.72,0.0,610.72
2020-02-01,Indonesia,70003181,A0418150107,Direct,91.33,0.0,91.33
2020-02-01,Indonesia,70003181,A0418150108,Direct,0.0,738.66,-738.66
2020-02-01,Indonesia,70003181,A0418150105,Direct,0.0,528.9,-528.9
2020-02-01,Indonesia,70003181,A0519150205,Direct,0.0,680.53,-680.53
2020-02-01,Indonesia,70003181,A0519150207,Direct,904.01,0.0,904.01
2020-02-01,Indonesia,70003181,A0519150208,Direct,174.01,0.0,174.01
2020-02-01,Indonesia,70003181,A0519150201,Direct,109.08,0.0,109.08
2020-02-01,Indonesia,70003181,A0519150202,Direct,0.0,129.03,-129.03
2020-02-01,Indonesia,70003181,A0519150203,Direct,146.42,0.0,146.42
2020-02-01,Indonesia,70003181,A2319150302,Direct,1113.99,0.0,1113.99
2020-02-01,Indonesia,70003181,A2319150301,Direct,0.0,384.77,-384.77
2020-02-01,Indonesia,70003181,A2319150304,Direct,0.0,880.36,-880.36
2020-02-01,Indonesia,70003181,A2319150305,Direct,927.5,0.0,927.5
2020-02-01,Indonesia,70003181,A2319150306,Direct,1952.21,0.0,1952.21
2020-02-01,Indonesia,70003181,A2419150405,Direct,1268.86,0.0,1268.86
2020-02-01,Indonesia,70003181,A2419150404,Direct,656.2,0.0,656.2
2020-02-01,Indonesia,70003181,A2420150406,Direct,1802.02,0.0,1802.02
2020-02-01,Indonesia,70003181,A2419150402,Direct,845.98,0.0,845.98
2020-02-01,Indonesia,70003181,A2419150401,Direct,1399.43,0.0,1399.43
2020-02-01,Indonesia,70003181,A2118150101,Direct,0.0,528.92,-528.92
2020-02-01,Indonesia,70003181,A2118150102,Direct,654.09,0.0,654.09
2020-02-01,Indonesia,70003181,A2118150104,Direct,435.07,0.0,435.07
2020-02-01,Indonesia,70003181,A2118150105,Direct,0.0,355.06,-355.06
2020-02-01,Indonesia,70003181,A2118150106,Direct,934.15,0.0,934.15
2020-02-01,Indonesia,70003181,A2218150201,Direct,0.0,395.45,-395.45
2020-02-01,Indonesia,70003181,A2219150204,Direct,0.0,1011.73,-1011.73
2020-02-01,Indonesia,70003181,A2219150205,Direct,1390.82,0.0,1390.82
2020-02-01,Indonesia,70003181,A2219150206,Direct,222.82,0.0,222.82
2020-02-01,Indonesia,70003181,A2218150202,Direct,1215.25,0.0,1215.25
2020-02-01,Indonesia,70003181,A2918150106,Direct,1438.82,0.0,1438.82
2020-02-01,Indonesia,70003181,A2918150105,Direct,0.0,389.35,-389.35
2020-02-01,Indonesia,70003181,A2918150104,Direct,449.73,0.0,449.73
2020-02-01,Indonesia,70003181,A2918150101,Direct,198.45,0.0,198.45
2020-02-01,Indonesia,70003181,A2918150102,Direct,918.57,0.0,918.57
2020-02-01,Indonesia,70003181,A3119150301,Direct,333.97,0.0,333.97
2020-02-01,Indonesia,70003181,A3120150306,Direct,448.07,0.0,448.07
2020-02-01,Indonesia,70003181,A3119150302,Direct,2105.51,0.0,2105.51
2020-02-01,Indonesia,70003181,A3120150305,Direct,1052.45,0.0,1052.45
2020-02-01,Indonesia,70003181,A3120150304,Direct,1613.21,0.0,1613.21
2020-02-01,Indonesia,70003181,A3220150401,Direct,1001.69,0.0,1001.69
2020-02-01,Indonesia,70003181,A3220150402,Direct,3065.54,0.0,3065.54
2020-02-01,Indonesia,70003181,A3220150406,Direct,1749.05,0.0,1749.05
2020-02-01,Indonesia,70003181,A3220150404,Direct,2126.97,0.0,2126.97
2020-02-01,Indonesia,70003181,A3220150405,Direct,2830.53,0.0,2830.53
2020-02-01,Indonesia,70003181,A3320150501,Direct,1772.0,0.0,1772.0
2020-02-01,Indonesia,70003181,A3320150502,Direct,1488.55,0.0,1488.55
2020-02-01,Indonesia,70003181,A3320150504,Direct,1614.54,0.0,1614.54
2020-02-01,Indonesia,70003181,A3018150202,Direct,0.0,1224.16,-1224.16
2020-02-01,Indonesia,70003181,A3019150204,Direct,238.56,0.0,238.56
2020-02-01,Indonesia,70003181,A3018150201,Direct,188.82,0.0,188.82
2020-02-01,Indonesia,70003181,A3019150206,Direct,0.0,2286.34,-2286.34
2020-02-01,Indonesia,70003181,A3019150205,Direct,1168.6,0.0,1168.6
2020-02-01,Indonesia,70003182,A4218110207,Direct,1088.76,0.0,1088.76
2020-02-01,Indonesia,70003182,A4118110102,Direct,973.29,0.0,973.29
2020-02-01,Indonesia,70003182,A4218110205,Direct,1263.75,0.0,1263.75
2020-02-01,Indonesia,70003182,A4419110401,Direct,1523.46,0.0,1523.46
2020-02-01,Indonesia,70003182,A4419110407,Direct,0.0,1546.49,-1546.49
2020-02-01,Indonesia,70003182,A4419110408,Direct,1698.51,0.0,1698.51
2020-02-01,Indonesia,70003182,A4118110101,Direct,560.64,0.0,560.64
2020-02-01,Indonesia,70003182,A4218110201,Direct,740.54,0.0,740.54
2020-02-01,Indonesia,70003182,A4218110204,Direct,850.14,0.0,850.14
2020-02-01,Indonesia,70003182,A4319110302,Direct,896.44,0.0,896.44
2020-02-01,Indonesia,70003182,A4319110304,Direct,944.63,0.0,944.63
2020-02-01,Indonesia,70003182,A4118110107,Direct,811.63,0.0,811.63
2020-02-01,Indonesia,70003182,A4519110502,Direct,0.0,1195.22,-1195.22
2020-02-01,Indonesia,70003182,A4318110301,Direct,824.73,0.0,824.73
2020-02-01,Indonesia,70003182,A4519110501,Direct,889.25,0.0,889.25
2020-02-01,Indonesia,70003182,A4118110104,Direct,0.0,464.35,-464.35
2020-02-01,Indonesia,70003182,A4118110105,Direct,481.1,0.0,481.1
2020-02-01,Indonesia,70003182,A4218110206,Direct,651.62,0.0,651.62
2020-02-01,Indonesia,70003182,A4419110402,Direct,697.27,0.0,697.27
2020-02-01,Indonesia,70003182,A4419110405,Direct,831.39,0.0,831.39
2020-02-01,Indonesia,70003182,A4419110406,Direct,624.54,0.0,624.54
2020-02-01,Indonesia,70003182,A4118110106,Direct,248.01,0.0,248.01
2020-02-01,Indonesia,70003182,A4319110306,Direct,411.72,0.0,411.72
2020-02-01,Indonesia,70003182,A4319110305,Direct,376.96,0.0,376.96
2020-02-01,Indonesia,70003182,A4520110504,Direct,507.92,0.0,507.92
2020-02-01,Indonesia,70003182,A6720160103,Direct,1447.28,0.0,1447.28
2020-02-01,Indonesia,70003182,A6818160201,Direct,1022.95,0.0,1022.95
2020-02-01,Indonesia,70003182,A7119160103,Direct,4565.13,0.0,4565.13
2020-02-01,Indonesia,70003182,A7119160102,Direct,3339.82,0.0,3339.82
2020-02-01,Indonesia,70003182,A7118160101,Direct,4742.42,0.0,4742.42
2020-02-01,Indonesia,70003182,A7220160203,Direct,7478.05,0.0,7478.05
2020-02-01,Indonesia,70003182,A7220160202,Direct,5970.19,0.0,5970.19
2020-02-01,Indonesia,70003182,A7219160201,Direct,2130.66,0.0,2130.66
2020-02-01,Indonesia,70003182,A6419160302,Direct,1721.84,0.0,1721.84
2020-02-01,Indonesia,70003182,A6419160301,Direct,0.0,1171.54,-1171.54
2020-02-01,Indonesia,70003182,A6419160303,Direct,2708.55,0.0,2708.55
2020-02-01,Indonesia,70003182,A6519160401,Direct,2545.39,0.0,2545.39
2020-02-01,Indonesia,70003182,A6218160101,Direct,2891.35,0.0,2891.35
2020-02-01,Indonesia,70003182,A6218160102,Direct,2688.57,0.0,2688.57
2020-02-01,Indonesia,70003182,A6219160103,Direct,2704.04,0.0,2704.04
2020-02-01,Indonesia,70003182,A6319160203,Direct,958.34,0.0,958.34
2020-02-01,Indonesia,70003182,A6319160201,Direct,1817.87,0.0,1817.87
2020-02-01,Indonesia,70003182,A6319160202,Direct,3020.98,0.0,3020.98
2020-02-01,Indonesia,70003182,A5519110304,Direct,653.08,0.0,653.08
2020-02-01,Indonesia,70003182,A5520110308,Direct,652.93,0.0,652.93
2020-02-01,Indonesia,70003182,A5620110402,Direct,705.63,0.0,705.63
2020-02-01,Indonesia,70003182,A5621110404,Direct,0.0,589.2,-589.2
2020-02-01,Indonesia,70003182,A5621110405,Direct,0.0,644.51,-644.51
2020-02-01,Indonesia,70003182,A5318110103,Direct,566.62,0.0,566.62
2020-02-01,Indonesia,70003182,A5419110203,Direct,664.88,0.0,664.88
2020-02-01,Indonesia,70003182,A5419110205,Direct,612.98,0.0,612.98
2020-02-01,Indonesia,70003182,A4419110404,Direct,0.0,294.84,-294.84
2020-02-01,Indonesia,70003182,A4218110208,Direct,0.0,248.19,-248.19
2020-02-01,Indonesia,70003182,A4218110202,Direct,253.4,0.0,253.4
2020-02-01,Indonesia,70003182,A6019110107,Direct,416.27,0.0,416.27
2020-02-01,Indonesia,70003182,A5318110107,Direct,322.43,0.0,322.43
2020-02-01,Indonesia,70003182,A5318110108,Direct,307.65,0.0,307.65
2020-02-01,Indonesia,70003182,A5318110104,Direct,273.22,0.0,273.22
2020-02-01,Indonesia,70003182,A5318110105,Direct,292.46,0.0,292.46
2020-02-01,Indonesia,70003182,A5318110101,Direct,311.43,0.0,311.43
2020-02-01,Indonesia,70003182,A5318110102,Direct,275.54,0.0,275.54
2020-02-01,Indonesia,70003182,A5620110401,Direct,0.0,341.42,-341.42
2020-02-01,Indonesia,70003182,A5621110403,Direct,350.49,0.0,350.49
2020-02-01,Indonesia,70003182,A5621110407,Direct,0.0,315.14,-315.14
2020-02-01,Indonesia,70003182,A5621110408,Direct,295.57,0.0,295.57
2020-02-01,Indonesia,70003182,A5419110207,Direct,324.02,0.0,324.02
2020-02-01,Indonesia,70003182,A5419110208,Direct,333.32,0.0,333.32
2020-02-01,Indonesia,70003182,A5419110204,Direct,339.77,0.0,339.77
2020-02-01,Indonesia,70003182,A5419110201,Direct,0.0,320.87,-320.87
2020-02-01,Indonesia,70003182,A5419110202,Direct,305.13,0.0,305.13
2020-02-01,Indonesia,70003182,A5519110302,Direct,310.82,0.0,310.82
2020-02-01,Indonesia,70003182,A5519110301,Direct,316.05,0.0,316.05
2020-02-01,Indonesia,70003182,A5520110305,Direct,322.06,0.0,322.06
2020-02-01,Indonesia,70003182,A0118150104,Direct,273.55,0.0,273.55
2020-02-01,Indonesia,70003182,A3920150303,Direct,25.44,0.0,25.44
2020-02-01,Indonesia,70003182,A3718150103,Direct,17.83,0.0,17.83
2020-02-01,Indonesia,70003182,A1618150103,Direct,146.07,0.0,146.07
2020-02-01,Indonesia,70003182,A1819150303,Direct,0.0,238.84,-238.84
2020-02-01,Indonesia,70003182,A1718150203,Direct,101.49,0.0,101.49
2020-02-01,Indonesia,70003182,A0219150202,Direct,196.36,0.0,196.36
2020-02-01,Indonesia,70003182,A0118150102,Direct,0.0,352.31,-352.31
2020-02-01,Indonesia,70003182,A1320150402,Direct,3269.46,0.0,3269.46
2020-02-01,Indonesia,70003182,A1018150102,Direct,2233.54,0.0,2233.54
2020-02-01,Indonesia,70003182,A1219150302,Direct,3395.8,0.0,3395.8
2020-02-01,Indonesia,70003182,A1118150202,Direct,3898.01,0.0,3898.01
2020-02-01,Indonesia,70003182,A3920150305,Direct,14.54,0.0,14.54
2020-02-01,Indonesia,70003182,A3718150105,Direct,9.02,0.0,9.02
2020-02-01,Indonesia,70003182,A3819150205,Direct,0.0,10.37,-10.37
2020-02-01,Indonesia,70003182,A0220150203,Direct,177.82,0.0,177.82
2020-02-01,Indonesia,70003182,A0118150103,Direct,0.0,190.43,-190.43
2020-02-01,Indonesia,70003182,A1819150304,Direct,0.0,194.75,-194.75
2020-02-01,Indonesia,70003182,A1618150104,Direct,63.78,0.0,63.78
2020-02-01,Indonesia,70003182,A1718150204,Direct,44.57,0.0,44.57
2020-02-01,Indonesia,70003182,A1018150103,Direct,543.53,0.0,543.53
2020-02-01,Indonesia,70003182,A1320150403,Direct,977.88,0.0,977.88
2020-02-01,Indonesia,70003182,A1219150303,Direct,3127.31,0.0,3127.31
2020-02-01,Indonesia,70003182,A1119150203,Direct,632.8,0.0,632.8
2020-02-01,Indonesia,70003182,A1718150201,Direct,154.27,0.0,154.27
2020-02-01,Indonesia,70003182,A1819150301,Direct,116.41,0.0,116.41
2020-02-01,Indonesia,70003182,A1618150101,Direct,21.27,0.0,21.27
2020-02-01,Indonesia,70003182,A3818150201,Direct,27.78,0.0,27.78
2020-02-01,Indonesia,70003182,A4020150401,Direct,42.54,0.0,42.54
2020-02-01,Indonesia,70003182,A3920150301,Direct,10.47,0.0,10.47
2020-02-01,Indonesia,70003182,A3718150101,Direct,0.0,8.43,-8.43
2020-02-01,Indonesia,70003182,A0219150201,Direct,667.48,0.0,667.48
2020-02-01,Indonesia,70003182,A0118150101,Direct,0.0,391.66,-391.66
2020-02-01,Indonesia,70003182,A0320150301,Direct,271.83,0.0,271.83
2020-02-01,Indonesia,70003182,A1319150401,Direct,2337.39,0.0,2337.39
2020-02-01,Indonesia,70003182,A1018150101,Direct,1001.57,0.0,1001.57
2020-02-01,Indonesia,70003182,A1219150301,Direct,0.0,1021.61,-1021.61
2020-02-01,Indonesia,70003182,A1118150201,Direct,0.0,2521.25,-2521.25
2020-02-01,Indonesia,70003182,A0721150401,Direct,845.92,0.0,845.92
2020-02-01,Indonesia,70003182,A0619150302,Direct,750.22,0.0,750.22
2020-02-01,Indonesia,70003182,A0621150308,Direct,1099.54,0.0,1099.54
2020-02-01,Indonesia,70003182,A0619150301,Direct,632.12,0.0,632.12
2020-02-01,Indonesia,70003182,A0620150305,Direct,457.19,0.0,457.19
2020-02-01,Indonesia,70003182,A0620150303,Direct,0.0,769.59,-769.59
2020-02-01,Indonesia,70003182,A0621150307,Direct,1069.34,0.0,1069.34
2020-02-01,Indonesia,70003182,A0418150105,Direct,379.42,0.0,379.42
2020-02-01,Indonesia,70003182,A0418150103,Direct,227.94,0.0,227.94
2020-02-01,Indonesia,70003182,A0418150102,Direct,515.55,0.0,515.55
2020-02-01,Indonesia,70003182,A0418150101,Direct,295.72,0.0,295.72
2020-02-01,Indonesia,70003182,A0418150107,Direct,559.46,0.0,559.46
2020-02-01,Indonesia,70003182,A0418150108,Direct,396.18,0.0,396.18
2020-02-01,Indonesia,70003182,A0519150205,Direct,741.42,0.0,741.42
2020-02-01,Indonesia,70003182,A0519150207,Direct,331.38,0.0,331.38
2020-02-01,Indonesia,70003182,A0519150208,Direct,704.11,0.0,704.11
2020-02-01,Indonesia,70003182,A0519150201,Direct,268.28,0.0,268.28
2020-02-01,Indonesia,70003182,A0519150202,Direct,556.34,0.0,556.34
2020-02-01,Indonesia,70003182,A0519150203,Direct,0.0,251.57,-251.57
2020-02-01,Indonesia,70003182,A2319150301,Direct,1412.62,0.0,1412.62
2020-02-01,Indonesia,70003182,A2319150302,Direct,0.0,694.26,-694.26
2020-02-01,Indonesia,70003182,A2319150305,Direct,657.56,0.0,657.56
2020-02-01,Indonesia,70003182,A2319150304,Direct,374.59,0.0,374.59
2020-02-01,Indonesia,70003182,A2319150306,Direct,0.0,1416.42,-1416.42
2020-02-01,Indonesia,70003182,A2419150402,Direct,0.0,1510.1,-1510.1
2020-02-01,Indonesia,70003182,A2419150405,Direct,1825.82,0.0,1825.82
2020-02-01,Indonesia,70003182,A1420150501,Direct,3682.77,0.0,3682.77
2020-02-01,Indonesia,70003182,A2419150404,Direct,0.0,1582.1,-1582.1
2020-02-01,Indonesia,70003182,A2420150406,Direct,2032.7,0.0,2032.7
2020-02-01,Indonesia,70003182,A2419150401,Direct,1656.27,0.0,1656.27
2020-02-01,Indonesia,70003182,A2118150101,Direct,0.0,266.53,-266.53
2020-02-01,Indonesia,70003182,A2118150102,Direct,578.97,0.0,578.97
2020-02-01,Indonesia,70003182,A2118150104,Direct,803.61,0.0,803.61
2020-02-01,Indonesia,70003182,A2118150105,Direct,0.0,388.88,-388.88
2020-02-01,Indonesia,70003182,A2118150106,Direct,929.02,0.0,929.02
2020-02-01,Indonesia,70003182,A2218150201,Direct,233.03,0.0,233.03
2020-02-01,Indonesia,70003182,A2218150202,Direct,271.76,0.0,271.76
2020-02-01,Indonesia,70003182,A2219150204,Direct,1173.12,0.0,1173.12
2020-02-01,Indonesia,70003182,A2219150205,Direct,1193.94,0.0,1193.94
2020-02-01,Indonesia,70003182,A2219150206,Direct,0.0,711.8,-711.8
2020-02-01,Indonesia,70003182,A3119150301,Direct,0.0,1802.07,-1802.07
2020-02-01,Indonesia,70003182,A3119150302,Direct,0.0,626.47,-626.47
2020-02-01,Indonesia,70003182,A3120150304,Direct,1448.22,0.0,1448.22
2020-02-01,Indonesia,70003182,A3120150305,Direct,1379.32,0.0,1379.32
2020-02-01,Indonesia,70003182,A3120150306,Direct,810.65,0.0,810.65
2020-02-01,Indonesia,70003182,A2918150102,Direct,1045.3,0.0,1045.3
2020-02-01,Indonesia,70003182,A2918150101,Direct,264.45,0.0,264.45
2020-02-01,Indonesia,70003182,A2918150104,Direct,1231.73,0.0,1231.73
2020-02-01,Indonesia,70003182,A2918150105,Direct,128.12,0.0,128.12
2020-02-01,Indonesia,70003182,A2918150106,Direct,528.73,0.0,528.73
2020-02-01,Indonesia,70003182,A3220150402,Direct,1432.84,0.0,1432.84
2020-02-01,Indonesia,70003182,A3220150401,Direct,1212.21,0.0,1212.21
2020-02-01,Indonesia,70003182,A3220150406,Direct,2023.4,0.0,2023.4
2020-02-01,Indonesia,70003182,A3220150404,Direct,1456.19,0.0,1456.19
2020-02-01,Indonesia,70003182,A3220150405,Direct,430.75,0.0,430.75
2020-02-01,Indonesia,70003182,A3320150502,Direct,933.55,0.0,933.55
2020-02-01,Indonesia,70003182,A3019150204,Direct,1121.32,0.0,1121.32
2020-02-01,Indonesia,70003182,A3019150205,Direct,655.93,0.0,655.93
2020-02-01,Indonesia,70003182,A3320150501,Direct,0.0,1849.51,-1849.51
2020-02-01,Indonesia,70003182,A3320150504,Direct,2756.23,0.0,2756.23
2020-02-01,Indonesia,70003182,A3018150201,Direct,580.87,0.0,580.87
2020-02-01,Indonesia,70003182,A3018150202,Direct,683.04,0.0,683.04
2020-02-01,Indonesia,70003182,A3019150206,Direct,842.38,0.0,842.38
2020-03-01,Indonesia,90003180,A3120150306,Retailer,183.25,0.0,183.25
2020-03-01,Indonesia,90003180,A3119150302,Retailer,415.82,0.0,415.82
2020-03-01,Indonesia,90003180,A3119150301,Retailer,0.0,250.76,-250.76
2020-03-01,Indonesia,90003180,A3120150304,Retailer,70.09,0.0,70.09
2020-03-01,Indonesia,90003180,A2918150105,Retailer,55.21,0.0,55.21
2020-03-01,Indonesia,90003180,A2918150106,Retailer,273.45,0.0,273.45
2020-03-01,Indonesia,90003180,A2918150104,Retailer,131.59,0.0,131.59
2020-03-01,Indonesia,90003180,A2918150101,Retailer,72.12,0.0,72.12
2020-03-01,Indonesia,90003180,A2918150102,Retailer,38.52,0.0,38.52
2020-03-01,Indonesia,90003180,A3220150405,Retailer,142.01,0.0,142.01
2020-03-01,Indonesia,90003180,A3220150406,Retailer,580.82,0.0,580.82
2020-03-01,Indonesia,90003180,A3220150404,Retailer,285.38,0.0,285.38
2020-03-01,Indonesia,90003180,A3220150402,Retailer,413.1,0.0,413.1
2020-03-01,Indonesia,90003180,A3220150401,Retailer,0.0,391.6,-391.6
2020-03-01,Indonesia,90003180,A3320150504,Retailer,609.98,0.0,609.98
2020-03-01,Indonesia,90003180,A3320150502,Retailer,538.19,0.0,538.19
2020-03-01,Indonesia,90003180,A3320150501,Retailer,201.14,0.0,201.14
2020-03-01,Indonesia,90003180,A2419150404,Retailer,0.0,337.63,-337.63
2020-03-01,Indonesia,90003180,A2419150405,Retailer,0.0,66.36,-66.36
2020-03-01,Indonesia,90003180,A2419150401,Retailer,0.0,78.21,-78.21
2020-03-01,Indonesia,90003180,A2420150406,Retailer,377.81,0.0,377.81
2020-03-01,Indonesia,90003180,A2419150402,Retailer,155.94,0.0,155.94
2020-03-01,Indonesia,90003180,A2319150301,Retailer,238.6,0.0,238.6
2020-03-01,Indonesia,90003180,A2319150304,Retailer,238.73,0.0,238.73
2020-03-01,Indonesia,90003180,A2319150305,Retailer,80.62,0.0,80.62
2020-03-01,Indonesia,90003180,A2319150306,Retailer,439.17,0.0,439.17
2020-03-01,Indonesia,90003180,A2319150302,Retailer,216.95,0.0,216.95
2020-03-01,Indonesia,90003180,A2118150105,Retailer,0.0,24.46,-24.46
2020-03-01,Indonesia,90003180,A2118150104,Retailer,74.05,0.0,74.05
2020-03-01,Indonesia,90003180,A2118150101,Retailer,98.5,0.0,98.5
2020-03-01,Indonesia,90003180,A2118150102,Retailer,97.54,0.0,97.54
2020-03-01,Indonesia,90003180,A2118150106,Retailer,149.65,0.0,149.65
2020-03-01,Indonesia,90003180,A2218150201,Retailer,129.32,0.0,129.32
2020-03-01,Indonesia,90003180,A2218150202,Retailer,36.62,0.0,36.62
2020-03-01,Indonesia,90003180,A2219150204,Retailer,188.39,0.0,188.39
2020-03-01,Indonesia,90003180,A2219150205,Retailer,0.0,50.96,-50.96
2020-03-01,Indonesia,90003180,A2219150206,Retailer,145.55,0.0,145.55
2020-03-01,Indonesia,90003180,A0519150208,Retailer,184.75,0.0,184.75
2020-03-01,Indonesia,90003180,A0519150207,Retailer,188.44,0.0,188.44
2020-03-01,Indonesia,90003180,A0519150202,Retailer,38.19,0.0,38.19
2020-03-01,Indonesia,90003180,A3019150205,Retailer,305.4,0.0,305.4
2020-03-01,Indonesia,90003180,A3018150201,Retailer,263.68,0.0,263.68
2020-03-01,Indonesia,90003180,A3019150204,Retailer,0.0,64.23,-64.23
2020-03-01,Indonesia,90003180,A3019150206,Retailer,0.0,302.52,-302.52
2020-03-01,Indonesia,90003180,A3018150202,Retailer,193.07,0.0,193.07
2020-03-01,Indonesia,90003180,A3120150305,Retailer,225.68,0.0,225.68
2020-03-01,Indonesia,90003180,A0519150201,Retailer,126.16,0.0,126.16
2020-03-01,Indonesia,90003180,A0519150203,Retailer,0.0,49.17,-49.17
2020-03-01,Indonesia,90003180,A0519150205,Retailer,170.99,0.0,170.99
2020-03-01,Indonesia,90003180,A0418150105,Retailer,17.98,0.0,17.98
2020-03-01,Indonesia,90003180,A0418150103,Retailer,56.91,0.0,56.91
2020-03-01,Indonesia,90003180,A0418150101,Retailer,34.23,0.0,34.23
2020-03-01,Indonesia,90003180,A0418150102,Retailer,0.0,16.51,-16.51
2020-03-01,Indonesia,90003180,A0418150107,Retailer,0.0,53.59,-53.59
2020-03-01,Indonesia,90003180,A0418150108,Retailer,62.79,0.0,62.79
2020-03-01,Indonesia,90003180,A0619150301,Retailer,227.4,0.0,227.4
2020-03-01,Indonesia,90003180,A0619150302,Retailer,149.68,0.0,149.68
2020-03-01,Indonesia,90003180,A0621150308,Retailer,78.6,0.0,78.6
2020-03-01,Indonesia,90003180,A0620150305,Retailer,51.73,0.0,51.73
2020-03-01,Indonesia,90003180,A0621150307,Retailer,230.68,0.0,230.68
2020-03-01,Indonesia,90003180,A0620150303,Retailer,69.23,0.0,69.23
2020-03-01,Indonesia,90003180,A0721150401,Retailer,272.21,0.0,272.21
2020-03-01,Indonesia,90003180,A0118150104,Retailer,95.71,0.0,95.71
2020-03-01,Indonesia,90003180,A1618150103,Retailer,22.04,0.0,22.04
2020-03-01,Indonesia,90003180,A1819150303,Retailer,62.12,0.0,62.12
2020-03-01,Indonesia,90003180,A1718150203,Retailer,49.89,0.0,49.89
2020-03-01,Indonesia,90003180,A0219150202,Retailer,113.58,0.0,113.58
2020-03-01,Indonesia,90003180,A0118150102,Retailer,0.0,131.53,-131.53
2020-03-01,Indonesia,90003180,A1320150402,Retailer,0.0,308.53,-308.53
2020-03-01,Indonesia,90003180,A1018150102,Retailer,347.42,0.0,347.42
2020-03-01,Indonesia,90003180,A1219150302,Retailer,945.38,0.0,945.38
2020-03-01,Indonesia,90003180,A1118150202,Retailer,246.52,0.0,246.52
2020-03-01,Indonesia,90003180,A0220150203,Retailer,209.51,0.0,209.51
2020-03-01,Indonesia,90003180,A0118150103,Retailer,23.55,0.0,23.55
2020-03-01,Indonesia,90003180,A1819150304,Retailer,47.0,0.0,47.0
2020-03-01,Indonesia,90003180,A1618150104,Retailer,0.0,21.84,-21.84
2020-03-01,Indonesia,90003180,A1718150204,Retailer,28.82,0.0,28.82
2020-03-01,Indonesia,90003180,A1018150103,Retailer,0.0,274.62,-274.62
2020-03-01,Indonesia,90003180,A1320150403,Retailer,811.36,0.0,811.36
2020-03-01,Indonesia,90003180,A1219150303,Retailer,0.0,457.58,-457.58
2020-03-01,Indonesia,90003180,A1119150203,Retailer,228.35,0.0,228.35
2020-03-01,Indonesia,90003180,A1718150201,Retailer,31.74,0.0,31.74
2020-03-01,Indonesia,90003180,A1819150301,Retailer,30.45,0.0,30.45
2020-03-01,Indonesia,90003180,A1618150101,Retailer,8.93,0.0,8.93
2020-03-01,Indonesia,90003180,A0219150201,Retailer,0.0,34.65,-34.65
2020-03-01,Indonesia,90003180,A0118150101,Retailer,157.88,0.0,157.88
2020-03-01,Indonesia,90003180,A0320150301,Retailer,212.84,0.0,212.84
2020-03-01,Indonesia,90003180,A1319150401,Retailer,694.55,0.0,694.55
2020-03-01,Indonesia,90003180,A1420150501,Retailer,691.01,0.0,691.01
2020-03-01,Indonesia,90003180,A1018150101,Retailer,579.97,0.0,579.97
2020-03-01,Indonesia,90003180,A1219150301,Retailer,733.24,0.0,733.24
2020-03-01,Indonesia,90003180,A1118150201,Retailer,440.9,0.0,440.9
2020-03-01,Indonesia,90003180,A4218110201,Retailer,181.35,0.0,181.35
2020-03-01,Indonesia,90003180,A4218110207,Retailer,210.8,0.0,210.8
2020-03-01,Indonesia,90003180,A4218110206,Retailer,215.45,0.0,215.45
2020-03-01,Indonesia,90003180,A4218110204,Retailer,230.75,0.0,230.75
2020-03-01,Indonesia,90003180,A4218110208,Retailer,212.17,0.0,212.17
2020-03-01,Indonesia,90003180,A4419110402,Retailer,269.24,0.0,269.24
2020-03-01,Indonesia,90003180,A4419110404,Retailer,271.13,0.0,271.13
2020-03-01,Indonesia,90003180,A4419110405,Retailer,291.31,0.0,291.31
2020-03-01,Indonesia,90003180,A4419110406,Retailer,291.23,0.0,291.23
2020-03-01,Indonesia,90003180,A4118110101,Retailer,156.01,0.0,156.01
2020-03-01,Indonesia,90003180,A4118110102,Retailer,0.0,182.82,-182.82
2020-03-01,Indonesia,90003180,A4118110105,Retailer,0.0,191.53,-191.53
2020-03-01,Indonesia,90003180,A4118110106,Retailer,0.0,149.96,-149.96
2020-03-01,Indonesia,90003180,A4319110306,Retailer,0.0,267.49,-267.49
2020-03-01,Indonesia,90003180,A4319110302,Retailer,237.2,0.0,237.2
2020-03-01,Indonesia,90003180,A4519110501,Retailer,0.0,294.33,-294.33
2020-03-01,Indonesia,90003180,A4519110502,Retailer,0.0,319.68,-319.68
2020-03-01,Indonesia,90003180,A6720160103,Retailer,64.77,0.0,64.77
2020-03-01,Indonesia,90003180,A6818160201,Retailer,0.0,154.01,-154.01
2020-03-01,Indonesia,90003180,A7119160103,Retailer,767.14,0.0,767.14
2020-03-01,Indonesia,90003180,A7119160102,Retailer,628.25,0.0,628.25
2020-03-01,Indonesia,90003180,A7118160101,Retailer,225.22,0.0,225.22
2020-03-01,Indonesia,90003180,A7220160202,Retailer,1243.89,0.0,1243.89
2020-03-01,Indonesia,90003180,A7220160203,Retailer,672.45,0.0,672.45
2020-03-01,Indonesia,90003180,A7219160201,Retailer,348.08,0.0,348.08
2020-03-01,Indonesia,90003180,A6419160301,Retailer,586.98,0.0,586.98
2020-03-01,Indonesia,90003180,A6419160302,Retailer,305.62,0.0,305.62
2020-03-01,Indonesia,90003180,A6419160303,Retailer,496.1,0.0,496.1
2020-03-01,Indonesia,90003180,A6519160401,Retailer,129.72,0.0,129.72
2020-03-01,Indonesia,90003180,A6218160102,Retailer,259.59,0.0,259.59
2020-03-01,Indonesia,90003180,A6218160101,Retailer,288.25,0.0,288.25
2020-03-01,Indonesia,90003180,A6219160103,Retailer,649.64,0.0,649.64
2020-03-01,Indonesia,90003180,A6319160203,Retailer,0.0,142.65,-142.65
2020-03-01,Indonesia,90003180,A6319160201,Retailer,0.0,671.89,-671.89
2020-03-01,Indonesia,90003180,A6319160202,Retailer,483.98,0.0,483.98
2020-03-01,Indonesia,90003180,A4118110107,Retailer,84.95,0.0,84.95
2020-03-01,Indonesia,90003180,A4118110104,Retailer,87.54,0.0,87.54
2020-03-01,Indonesia,90003180,A4319110305,Retailer,129.47,0.0,129.47
2020-03-01,Indonesia,90003180,A4318110301,Retailer,130.62,0.0,130.62
2020-03-01,Indonesia,90003180,A4319110304,Retailer,0.0,125.58,-125.58
2020-03-01,Indonesia,90003180,A4419110401,Retailer,130.39,0.0,130.39
2020-03-01,Indonesia,90003180,A4520110504,Retailer,165.12,0.0,165.12
2020-03-01,Indonesia,90003180,A4218110202,Retailer,107.22,0.0,107.22
2020-03-01,Indonesia,90003179,A6720160103,Retailer,112.23,0.0,112.23
2020-03-01,Indonesia,90003179,A6818160201,Retailer,39.39,0.0,39.39
2020-03-01,Indonesia,90003179,A7119160103,Retailer,0.0,429.23,-429.23
2020-03-01,Indonesia,90003179,A7119160102,Retailer,361.97,0.0,361.97
2020-03-01,Indonesia,90003179,A7118160101,Retailer,205.95,0.0,205.95
2020-03-01,Indonesia,90003179,A7220160203,Retailer,0.0,230.95,-230.95
2020-03-01,Indonesia,90003179,A7220160202,Retailer,151.18,0.0,151.18
2020-03-01,Indonesia,90003179,A7219160201,Retailer,217.79,0.0,217.79
2020-03-01,Indonesia,90003179,A6419160301,Retailer,97.19,0.0,97.19
2020-03-01,Indonesia,90003179,A6419160303,Retailer,80.51,0.0,80.51
2020-03-01,Indonesia,90003179,A6419160302,Retailer,35.41,0.0,35.41
2020-03-01,Indonesia,90003179,A6519160401,Retailer,101.3,0.0,101.3
2020-03-01,Indonesia,90003179,A6218160101,Retailer,71.19,0.0,71.19
2020-03-01,Indonesia,90003179,A6218160102,Retailer,175.7,0.0,175.7
2020-03-01,Indonesia,90003179,A6219160103,Retailer,143.83,0.0,143.83
2020-03-01,Indonesia,90003179,A6319160203,Retailer,0.0,292.88,-292.88
2020-03-01,Indonesia,90003179,A6319160201,Retailer,231.04,0.0,231.04
2020-03-01,Indonesia,90003179,A6319160202,Retailer,228.43,0.0,228.43
2020-03-01,Indonesia,90003179,A4118110107,Retailer,89.25,0.0,89.25
2020-03-01,Indonesia,90003179,A4118110106,Retailer,0.0,82.93,-82.93
2020-03-01,Indonesia,90003179,A4118110105,Retailer,90.68,0.0,90.68
2020-03-01,Indonesia,90003179,A4118110102,Retailer,79.74,0.0,79.74
2020-03-01,Indonesia,90003179,A4118110101,Retailer,76.42,0.0,76.42
2020-03-01,Indonesia,90003179,A4118110104,Retailer,82.08,0.0,82.08
2020-03-01,Indonesia,90003179,A4419110407,Retailer,142.23,0.0,142.23
2020-03-01,Indonesia,90003179,A4419110401,Retailer,135.99,0.0,135.99
2020-03-01,Indonesia,90003179,A4419110402,Retailer,143.57,0.0,143.57
2020-03-01,Indonesia,90003179,A4419110405,Retailer,142.95,0.0,142.95
2020-03-01,Indonesia,90003179,A4319110306,Retailer,131.65,0.0,131.65
2020-03-01,Indonesia,90003179,A4319110302,Retailer,0.0,109.26,-109.26
2020-03-01,Indonesia,90003179,A4319110304,Retailer,0.0,128.4,-128.4
2020-03-01,Indonesia,90003179,A4520110504,Retailer,156.7,0.0,156.7
2020-03-01,Indonesia,90003179,A4519110501,Retailer,155.34,0.0,155.34
2020-03-01,Indonesia,90003179,A4519110502,Retailer,143.48,0.0,143.48
2020-03-01,Indonesia,90003179,A4218110208,Retailer,117.75,0.0,117.75
2020-03-01,Indonesia,90003179,A4218110206,Retailer,115.92,0.0,115.92
2020-03-01,Indonesia,90003179,A4218110207,Retailer,0.0,111.47,-111.47
2020-03-01,Indonesia,90003179,A4218110205,Retailer,125.33,0.0,125.33
2020-03-01,Indonesia,90003179,A4218110201,Retailer,91.35,0.0,91.35
2020-03-01,Indonesia,90003179,A4218110202,Retailer,110.99,0.0,110.99
2020-03-01,Indonesia,90003179,A4218110204,Retailer,115.02,0.0,115.02
2020-03-01,Indonesia,90003179,A0118150104,Retailer,10.11,0.0,10.11
2020-03-01,Indonesia,90003179,A1618150103,Retailer,10.53,0.0,10.53
2020-03-01,Indonesia,90003179,A1819150303,Retailer,0.0,16.15,-16.15
2020-03-01,Indonesia,90003179,A1718150203,Retailer,12.71,0.0,12.71
2020-03-01,Indonesia,90003179,A0219150202,Retailer,0.0,25.5,-25.5
2020-03-01,Indonesia,90003179,A0118150102,Retailer,10.62,0.0,10.62
2020-03-01,Indonesia,90003179,A1320150402,Retailer,231.05,0.0,231.05
2020-03-01,Indonesia,90003179,A1018150102,Retailer,0.0,60.31,-60.31
2020-03-01,Indonesia,90003179,A1219150302,Retailer,283.95,0.0,283.95
2020-03-01,Indonesia,90003179,A1118150202,Retailer,184.65,0.0,184.65
2020-03-01,Indonesia,90003179,A0220150203,Retailer,68.41,0.0,68.41
2020-03-01,Indonesia,90003179,A0118150103,Retailer,67.0,0.0,67.0
2020-03-01,Indonesia,90003179,A1618150104,Retailer,23.51,0.0,23.51
2020-03-01,Indonesia,90003179,A1718150204,Retailer,29.23,0.0,29.23
2020-03-01,Indonesia,90003179,A1018150103,Retailer,0.0,244.48,-244.48
2020-03-01,Indonesia,90003179,A1320150403,Retailer,227.88,0.0,227.88
2020-03-01,Indonesia,90003179,A1219150303,Retailer,361.62,0.0,361.62
2020-03-01,Indonesia,90003179,A1119150203,Retailer,258.97,0.0,258.97
2020-03-01,Indonesia,90003179,A1819150301,Retailer,15.13,0.0,15.13
2020-03-01,Indonesia,90003179,A1618150101,Retailer,0.0,18.75,-18.75
2020-03-01,Indonesia,90003179,A0219150201,Retailer,0.0,21.77,-21.77
2020-03-01,Indonesia,90003179,A0118150101,Retailer,16.83,0.0,16.83
2020-03-01,Indonesia,90003179,A0320150301,Retailer,0.0,66.74,-66.74
2020-03-01,Indonesia,90003179,A1420150501,Retailer,303.84,0.0,303.84
2020-03-01,Indonesia,90003179,A1319150401,Retailer,305.81,0.0,305.81
2020-03-01,Indonesia,90003179,A1018150101,Retailer,52.01,0.0,52.01
2020-03-01,Indonesia,90003179,A1118150201,Retailer,246.38,0.0,246.38
2020-03-01,Indonesia,90003179,A1219150301,Retailer,202.1,0.0,202.1
2020-03-01,Indonesia,90003179,A0721150401,Retailer,16.95,0.0,16.95
2020-03-01,Indonesia,90003179,A0620150303,Retailer,63.65,0.0,63.65
2020-03-01,Indonesia,90003179,A0621150307,Retailer,35.51,0.0,35.51
2020-03-01,Indonesia,90003179,A0619150302,Retailer,0.0,16.0,-16.0
2020-03-01,Indonesia,90003179,A0621150308,Retailer,35.28,0.0,35.28
2020-03-01,Indonesia,90003179,A0619150301,Retailer,74.8,0.0,74.8
2020-03-01,Indonesia,90003179,A0620150305,Retailer,17.45,0.0,17.45
2020-03-01,Indonesia,90003179,A0418150105,Retailer,19.53,0.0,19.53
2020-03-01,Indonesia,90003179,A0418150101,Retailer,28.54,0.0,28.54
2020-03-01,Indonesia,90003179,A0418150102,Retailer,0.0,35.56,-35.56
2020-03-01,Indonesia,90003179,A0418150108,Retailer,18.28,0.0,18.28
2020-03-01,Indonesia,90003179,A0418150107,Retailer,32.24,0.0,32.24
2020-03-01,Indonesia,90003179,A0418150103,Retailer,45.25,0.0,45.25
2020-03-01,Indonesia,90003179,A0519150205,Retailer,27.96,0.0,27.96
2020-03-01,Indonesia,90003179,A0519150208,Retailer,15.72,0.0,15.72
2020-03-01,Indonesia,90003179,A0519150203,Retailer,49.84,0.0,49.84
2020-03-01,Indonesia,90003179,A0519150202,Retailer,37.24,0.0,37.24
2020-03-01,Indonesia,90003179,A0519150201,Retailer,23.85,0.0,23.85
2020-03-01,Indonesia,90003179,A0519150207,Retailer,71.93,0.0,71.93
2020-03-01,Indonesia,90003179,A2319150305,Retailer,23.41,0.0,23.41
2020-03-01,Indonesia,90003179,A2319150304,Retailer,128.31,0.0,128.31
2020-03-01,Indonesia,90003179,A2319150302,Retailer,0.0,34.77,-34.77
2020-03-01,Indonesia,90003179,A2319150301,Retailer,62.28,0.0,62.28
2020-03-01,Indonesia,90003179,A2319150306,Retailer,0.0,128.44,-128.44
2020-03-01,Indonesia,90003179,A2419150402,Retailer,0.0,74.94,-74.94
2020-03-01,Indonesia,90003179,A2419150405,Retailer,153.56,0.0,153.56
2020-03-01,Indonesia,90003179,A2419150401,Retailer,62.22,0.0,62.22
2020-03-01,Indonesia,90003179,A2419150404,Retailer,0.0,87.93,-87.93
2020-03-01,Indonesia,90003179,A2420150406,Retailer,44.41,0.0,44.41
2020-03-01,Indonesia,90003179,A2118150101,Retailer,18.49,0.0,18.49
2020-03-01,Indonesia,90003179,A2118150102,Retailer,24.32,0.0,24.32
2020-03-01,Indonesia,90003179,A2118150106,Retailer,53.4,0.0,53.4
2020-03-01,Indonesia,90003179,A2118150105,Retailer,71.31,0.0,71.31
2020-03-01,Indonesia,90003179,A2118150104,Retailer,0.0,51.61,-51.61
2020-03-01,Indonesia,90003179,A2218150202,Retailer,90.12,0.0,90.12
2020-03-01,Indonesia,90003179,A2219150205,Retailer,76.55,0.0,76.55
2020-03-01,Indonesia,90003179,A2219150204,Retailer,45.1,0.0,45.1
2020-03-01,Indonesia,90003179,A2219150206,Retailer,0.0,113.94,-113.94
2020-03-01,Indonesia,90003179,A2218150201,Retailer,0.0,40.79,-40.79
2020-03-01,Indonesia,90003179,A3119150301,Retailer,28.69,0.0,28.69
2020-03-01,Indonesia,90003179,A3119150302,Retailer,0.0,142.41,-142.41
2020-03-01,Indonesia,90003179,A3120150306,Retailer,206.93,0.0,206.93
2020-03-01,Indonesia,90003179,A3120150305,Retailer,0.0,40.34,-40.34
2020-03-01,Indonesia,90003179,A3120150304,Retailer,182.03,0.0,182.03
2020-03-01,Indonesia,90003179,A2918150102,Retailer,43.51,0.0,43.51
2020-03-01,Indonesia,90003179,A2918150101,Retailer,28.12,0.0,28.12
2020-03-01,Indonesia,90003179,A2918150105,Retailer,0.0,79.42,-79.42
2020-03-01,Indonesia,90003179,A2918150106,Retailer,50.17,0.0,50.17
2020-03-01,Indonesia,90003179,A2918150104,Retailer,61.8,0.0,61.8
2020-03-01,Indonesia,90003179,A3220150402,Retailer,116.54,0.0,116.54
2020-03-01,Indonesia,90003179,A3220150401,Retailer,184.17,0.0,184.17
2020-03-01,Indonesia,90003179,A3220150404,Retailer,84.77,0.0,84.77
2020-03-01,Indonesia,90003179,A3220150406,Retailer,69.8,0.0,69.8
2020-03-01,Indonesia,90003179,A3220150405,Retailer,144.41,0.0,144.41
2020-03-01,Indonesia,90003179,A3320150501,Retailer,0.0,28.54,-28.54
2020-03-01,Indonesia,90003179,A3320150504,Retailer,230.79,0.0,230.79
2020-03-01,Indonesia,90003179,A3320150502,Retailer,0.0,182.82,-182.82
2020-03-01,Indonesia,90003179,A3019150204,Retailer,90.4,0.0,90.4
2020-03-01,Indonesia,90003179,A3018150201,Retailer,73.37,0.0,73.37
2020-03-01,Indonesia,90003179,A3018150202,Retailer,79.08,0.0,79.08
2020-03-01,Indonesia,90003179,A3019150205,Retailer,107.23,0.0,107.23
2020-03-01,Indonesia,90003179,A3019150206,Retailer,140.58,0.0,140.58
2020-03-01,Indonesia,70003181,A6720160103,Direct,126.85,0.0,126.85
2020-03-01,Indonesia,70003181,A6818160201,Direct,28.85,0.0,28.85
2020-03-01,Indonesia,70003181,A7119160103,Direct,505.15,0.0,505.15
2020-03-01,Indonesia,70003181,A7119160102,Direct,669.52,0.0,669.52
2020-03-01,Indonesia,70003181,A7118160101,Direct,0.0,202.14,-202.14
2020-03-01,Indonesia,70003181,A7220160203,Direct,246.37,0.0,246.37
2020-03-01,Indonesia,70003181,A7220160202,Direct,89.73,0.0,89.73
2020-03-01,Indonesia,70003181,A7219160201,Direct,494.31,0.0,494.31
2020-03-01,Indonesia,70003181,A6419160302,Direct,0.0,395.35,-395.35
2020-03-01,Indonesia,70003181,A6419160303,Direct,416.48,0.0,416.48
2020-03-01,Indonesia,70003181,A6419160301,Direct,235.67,0.0,235.67
2020-03-01,Indonesia,70003181,A6519160401,Direct,62.33,0.0,62.33
2020-03-01,Indonesia,70003181,A6218160102,Direct,144.26,0.0,144.26
2020-03-01,Indonesia,70003181,A6218160101,Direct,247.58,0.0,247.58
2020-03-01,Indonesia,70003181,A6219160103,Direct,366.94,0.0,366.94
2020-03-01,Indonesia,70003181,A6319160202,Direct,127.23,0.0,127.23
2020-03-01,Indonesia,70003181,A6319160201,Direct,325.02,0.0,325.02
2020-03-01,Indonesia,70003181,A6319160203,Direct,0.0,305.44,-305.44
2020-03-01,Indonesia,70003181,A4218110204,Direct,0.0,137.41,-137.41
2020-03-01,Indonesia,70003181,A4218110207,Direct,0.0,144.99,-144.99
2020-03-01,Indonesia,70003181,A4218110206,Direct,131.78,0.0,131.78
2020-03-01,Indonesia,70003181,A4118110104,Direct,103.83,0.0,103.83
2020-03-01,Indonesia,70003181,A4118110101,Direct,104.76,0.0,104.76
2020-03-01,Indonesia,70003181,A4118110102,Direct,100.69,0.0,100.69
2020-03-01,Indonesia,70003181,A4118110105,Direct,108.74,0.0,108.74
2020-03-01,Indonesia,70003181,A4118110106,Direct,101.51,0.0,101.51
2020-03-01,Indonesia,70003181,A4419110401,Direct,157.22,0.0,157.22
2020-03-01,Indonesia,70003181,A4419110402,Direct,167.68,0.0,167.68
2020-03-01,Indonesia,70003181,A4419110404,Direct,188.03,0.0,188.03
2020-03-01,Indonesia,70003181,A4419110405,Direct,192.42,0.0,192.42
2020-03-01,Indonesia,70003181,A4419110406,Direct,176.11,0.0,176.11
2020-03-01,Indonesia,70003181,A4419110407,Direct,0.0,173.54,-173.54
2020-03-01,Indonesia,70003181,A4419110408,Direct,198.41,0.0,198.41
2020-03-01,Indonesia,70003181,A4319110305,Direct,158.17,0.0,158.17
2020-03-01,Indonesia,70003181,A4319110306,Direct,172.78,0.0,172.78
2020-03-01,Indonesia,70003181,A4318110301,Direct,149.99,0.0,149.99
2020-03-01,Indonesia,70003181,A4319110304,Direct,160.74,0.0,160.74
2020-03-01,Indonesia,70003181,A4319110302,Direct,0.0,153.72,-153.72
2020-03-01,Indonesia,70003181,A4520110504,Direct,193.98,0.0,193.98
2020-03-01,Indonesia,70003181,A0118150104,Direct,12.49,0.0,12.49
2020-03-01,Indonesia,70003181,A1618150103,Direct,12.19,0.0,12.19
2020-03-01,Indonesia,70003181,A1718150203,Direct,15.99,0.0,15.99
2020-03-01,Indonesia,70003181,A0219150202,Direct,101.56,0.0,101.56
2020-03-01,Indonesia,70003181,A0118150102,Direct,48.12,0.0,48.12
2020-03-01,Indonesia,70003181,A1320150402,Direct,464.54,0.0,464.54
2020-03-01,Indonesia,70003181,A1018150102,Direct,0.0,75.46,-75.46
2020-03-01,Indonesia,70003181,A1219150302,Direct,420.72,0.0,420.72
2020-03-01,Indonesia,70003181,A1118150202,Direct,84.75,0.0,84.75
2020-03-01,Indonesia,70003181,A0220150203,Direct,60.65,0.0,60.65
2020-03-01,Indonesia,70003181,A0118150103,Direct,0.0,90.66,-90.66
2020-03-01,Indonesia,70003181,A1718150204,Direct,18.43,0.0,18.43
2020-03-01,Indonesia,70003181,A1819150304,Direct,19.04,0.0,19.04
2020-03-01,Indonesia,70003181,A1618150104,Direct,14.4,0.0,14.4
2020-03-01,Indonesia,70003181,A1320150403,Direct,0.0,91.41,-91.41
2020-03-01,Indonesia,70003181,A1018150103,Direct,230.07,0.0,230.07
2020-03-01,Indonesia,70003181,A1219150303,Direct,352.33,0.0,352.33
2020-03-01,Indonesia,70003181,A1119150203,Direct,376.19,0.0,376.19
2020-03-01,Indonesia,70003181,A0320150301,Direct,82.44,0.0,82.44
2020-03-01,Indonesia,70003181,A0118150101,Direct,85.59,0.0,85.59
2020-03-01,Indonesia,70003181,A0219150201,Direct,42.87,0.0,42.87
2020-03-01,Indonesia,70003181,A1319150401,Direct,94.21,0.0,94.21
2020-03-01,Indonesia,70003181,A1420150501,Direct,185.65,0.0,185.65
2020-03-01,Indonesia,70003181,A1018150101,Direct,63.45,0.0,63.45
2020-03-01,Indonesia,70003181,A1118150201,Direct,75.35,0.0,75.35
2020-03-01,Indonesia,70003181,A1219150301,Direct,235.63,0.0,235.63
2020-03-01,Indonesia,70003181,A0721150401,Direct,0.0,46.33,-46.33
2020-03-01,Indonesia,70003181,A0621150307,Direct,115.59,0.0,115.59
2020-03-01,Indonesia,70003181,A0620150305,Direct,83.28,0.0,83.28
2020-03-01,Indonesia,70003181,A0619150302,Direct,41.83,0.0,41.83
2020-03-01,Indonesia,70003181,A0620150303,Direct,43.67,0.0,43.67
2020-03-01,Indonesia,70003181,A0619150301,Direct,36.2,0.0,36.2
2020-03-01,Indonesia,70003181,A0621150308,Direct,45.25,0.0,45.25
2020-03-01,Indonesia,70003181,A0418150103,Direct,35.93,0.0,35.93
2020-03-01,Indonesia,70003181,A0418150102,Direct,52.47,0.0,52.47
2020-03-01,Indonesia,70003181,A0418150101,Direct,22.33,0.0,22.33
2020-03-01,Indonesia,70003181,A0418150107,Direct,53.16,0.0,53.16
2020-03-01,Indonesia,70003181,A0418150108,Direct,26.52,0.0,26.52
2020-03-01,Indonesia,70003181,A0418150105,Direct,22.84,0.0,22.84
2020-03-01,Indonesia,70003181,A0519150205,Direct,0.0,85.58,-85.58
2020-03-01,Indonesia,70003181,A0519150207,Direct,91.5,0.0,91.5
2020-03-01,Indonesia,70003181,A0519150208,Direct,0.0,34.48,-34.48
2020-03-01,Indonesia,70003181,A0519150201,Direct,54.03,0.0,54.03
2020-03-01,Indonesia,70003181,A0519150202,Direct,74.96,0.0,74.96
2020-03-01,Indonesia,70003181,A0519150203,Direct,84.07,0.0,84.07
2020-03-01,Indonesia,70003181,A2319150302,Direct,0.0,57.36,-57.36
2020-03-01,Indonesia,70003181,A2319150301,Direct,55.91,0.0,55.91
2020-03-01,Indonesia,70003181,A2319150304,Direct,151.55,0.0,151.55
2020-03-01,Indonesia,70003181,A2319150305,Direct,155.92,0.0,155.92
2020-03-01,Indonesia,70003181,A2319150306,Direct,0.0,35.16,-35.16
2020-03-01,Indonesia,70003181,A2419150405,Direct,152.1,0.0,152.1
2020-03-01,Indonesia,70003181,A2419150404,Direct,146.26,0.0,146.26
2020-03-01,Indonesia,70003181,A2420150406,Direct,0.0,126.76,-126.76
2020-03-01,Indonesia,70003181,A2419150402,Direct,153.33,0.0,153.33
2020-03-01,Indonesia,70003181,A2419150401,Direct,102.81,0.0,102.81
2020-03-01,Indonesia,70003181,A2118150101,Direct,54.01,0.0,54.01
2020-03-01,Indonesia,70003181,A2118150102,Direct,70.36,0.0,70.36
2020-03-01,Indonesia,70003181,A2118150104,Direct,78.18,0.0,78.18
2020-03-01,Indonesia,70003181,A2118150105,Direct,47.54,0.0,47.54
2020-03-01,Indonesia,70003181,A2118150106,Direct,0.0,86.17,-86.17
2020-03-01,Indonesia,70003181,A2218150201,Direct,16.29,0.0,16.29
2020-03-01,Indonesia,70003181,A2219150204,Direct,0.0,76.02,-76.02
2020-03-01,Indonesia,70003181,A2219150205,Direct,110.41,0.0,110.41
2020-03-01,Indonesia,70003181,A2219150206,Direct,91.83,0.0,91.83
2020-03-01,Indonesia,70003181,A2218150202,Direct,56.86,0.0,56.86
2020-03-01,Indonesia,70003181,A2918150106,Direct,0.0,53.04,-53.04
2020-03-01,Indonesia,70003181,A2918150105,Direct,33.19,0.0,33.19
2020-03-01,Indonesia,70003181,A2918150104,Direct,99.39,0.0,99.39
2020-03-01,Indonesia,70003181,A2918150101,Direct,102.4,0.0,102.4
2020-03-01,Indonesia,70003181,A2918150102,Direct,28.9,0.0,28.9
2020-03-01,Indonesia,70003181,A3119150301,Direct,186.97,0.0,186.97
2020-03-01,Indonesia,70003181,A3120150306,Direct,106.75,0.0,106.75
2020-03-01,Indonesia,70003181,A3119150302,Direct,38.34,0.0,38.34
2020-03-01,Indonesia,70003181,A3120150305,Direct,0.0,221.93,-221.93
2020-03-01,Indonesia,70003181,A3120150304,Direct,0.0,63.17,-63.17
2020-03-01,Indonesia,70003181,A3220150401,Direct,60.93,0.0,60.93
2020-03-01,Indonesia,70003181,A3220150402,Direct,170.89,0.0,170.89
2020-03-01,Indonesia,70003181,A3220150406,Direct,301.23,0.0,301.23
2020-03-01,Indonesia,70003181,A3220150404,Direct,60.87,0.0,60.87
2020-03-01,Indonesia,70003181,A3220150405,Direct,0.0,124.8,-124.8
2020-03-01,Indonesia,70003181,A3320150501,Direct,71.82,0.0,71.82
2020-03-01,Indonesia,70003181,A3320150502,Direct,271.06,0.0,271.06
2020-03-01,Indonesia,70003181,A3320150504,Direct,0.0,41.69,-41.69
2020-03-01,Indonesia,70003181,A3018150202,Direct,153.45,0.0,153.45
2020-03-01,Indonesia,70003181,A3019150204,Direct,156.98,0.0,156.98
2020-03-01,Indonesia,70003181,A3018150201,Direct,0.0,39.83,-39.83
2020-03-01,Indonesia,70003181,A3019150206,Direct,70.8,0.0,70.8
2020-03-01,Indonesia,70003181,A3019150205,Direct,41.76,0.0,41.76
